{"0": {"train": [24.627914478569178, 5.273658324310871, 4.057553685444765, 3.782008478224557, 3.6979801455992396, 3.678134858057841, 3.6551439014580596, 3.6448407742868416, 3.646726092081006, 3.6407761788534194, 3.6303853575420204, 3.6274055299949945, 3.6166581182185857, 3.6171241843712263, 3.6111893413384912], "valid": [9.180251149566256, 4.307244768127797, 3.929935004972297, 3.82101495490526, 3.7759077459899757, 3.780064518469642, 3.7784005018912485, 3.76857704133333, 3.782706987825641, 3.7587452913011434, 3.7542468988348396, 3.7603316504197597, 3.7692964567110474, 3.7576234895814835, 3.7617528270228813]}, "1": {"train": [25.216428478970958, 5.454905736885011, 3.997739579159693, 3.7583973761698215, 3.6908481412015868, 3.657919596365728, 3.6454273629788054, 3.6388655677575383, 3.6371683065720894, 3.6312410853467623, 3.6297195462751057], "valid": [10.288876281642901, 4.236699590562402, 3.896709526138967, 3.8097719999178685, 3.7842292162416538, 3.7618130557763, 3.7759651133139918, 3.7679387518146665, 3.7752087074580016, 3.767637608047574, 3.768063874318529]}, "2": {"train": [22.69229625859608, 4.793891673705205, 3.972576502829659, 3.7449532189242523, 3.686229334583437, 3.6605056175235187, 3.6459922134783107, 3.643641033299963, 3.634343989042078, 3.6244787429438885, 3.6206668854301705, 3.6243686993058764, 3.6072173998562143, 3.615032006908774, 3.6083084672227943], "valid": [6.864374801607561, 4.195954656783856, 3.885244402835985, 3.8081441067179287, 3.7860321075270367, 3.784149859266231, 3.7768828344202836, 3.7744491280166748, 3.7773732660778343, 3.7579693236732403, 3.7632318218419254, 3.7660028647590655, 3.7681111832846463, 3.768882156417593, 3.761963202780935]}}