{"0": {"train": [8.3675658137475, 7.612793381879278, 7.054425914052285, 6.571738847612684, 6.172923409437255, 5.801723072083397, 5.498923910901085, 5.232351530351031, 4.997686363368683, 4.832132917359722, 4.704809140282478, 4.6063272326407585, 4.499863892681332, 4.433798887465387, 4.352183207962368, 4.28983959617289, 4.265305782517931, 4.204350604340531, 4.178823590342811, 4.113770526515989, 4.077724302157046, 4.03178663615419, 4.0107712755569285, 3.9683626725227867, 3.9235282119224], "valid": [7.866422255650573, 7.231446927335698, 6.714650157487791, 6.301622729616117, 5.95143775957545, 5.615483867115396, 5.327996395236069, 5.090940598982368, 4.911757134269006, 4.775781678119231, 4.669884095355522, 4.583563466197508, 4.5059667803511, 4.429038974472677, 4.3834754839399706, 4.316508266306386, 4.24345247966659, 4.229361949123212, 4.1830751999692355, 4.15138998297137, 4.117272485422916, 4.0406530004999235, 4.021103010894959, 3.995348334330776, 3.9675430042012767]}, "1": {"train": [8.182303033544207, 7.388424795636561, 6.791996468856959, 6.33425256070213, 5.951966442273488, 5.615325372613256, 5.3298518703070314, 5.12028908022632, 4.929580278297216, 4.77626901673605, 4.672947874253692, 4.575395315714773, 4.480689559107363, 4.421394455237136, 4.360592182272238, 4.308996986225147, 4.263968471636686, 4.22379571062113, 4.184840958104593, 4.145824708026478, 4.112786584270324, 4.053985094568415, 4.024029510266844, 4.001643703070319, 3.9772601358497095], "valid": [7.723261597064649, 7.075166656350953, 6.557450057928237, 6.146952337800938, 5.796200416223992, 5.487241215819937, 5.244659815831475, 5.032322821621895, 4.873621425154796, 4.734952479616952, 4.630114202453177, 4.5670035598223215, 4.459819534615126, 4.423584491397296, 4.3696594027021955, 4.300722660756865, 4.2783187350973, 4.218329321722848, 4.188230375007211, 4.155740949614453, 4.102378862232953, 4.05869924819485, 4.0410251645306134, 4.0156791950499, 3.9775168286333744]}, "2": {"train": [8.286893880033073, 7.519111601906511, 6.956252643925701, 6.485950576916606, 6.113022753684671, 5.773548477279064, 5.481684317374437, 5.234469227408857, 5.040119732278487, 4.915710146425412, 4.79319731437238, 4.700406526109968, 4.62795546953116, 4.560457680063358, 4.498429155109506, 4.455526202805927, 4.403163216744222, 4.371796662434383, 4.326904325041822, 4.29715768222657, 4.253039012325501, 4.19293099519166, 4.172720117330212, 4.143064077792706, 4.091731621862141], "valid": [7.926846297280017, 7.289932137131278, 6.778881492289055, 6.361377512727386, 5.9856495038242254, 5.683645654060265, 5.429528745685428, 5.193572699936543, 5.015099424443312, 4.880445719920583, 4.775931880690668, 4.688156199523114, 4.6026290120110955, 4.550547531499981, 4.4898555354516, 4.4431399657959005, 4.421978394991251, 4.367669283853165, 4.337245091723713, 4.279009337022152, 4.259963344916978, 4.186222003355511, 4.151762007640038, 4.135050627866366, 4.120912048231867]}}