{"0": {"train": [24.896491190404575, 5.291819339822108, 4.047640467049097, 3.77540838320429, 3.6996920174166363, 3.6782182080279293, 3.654132689649298, 3.645927983059228, 3.6475917134946814, 3.637370791721791, 3.6311240398777125, 3.6265818718770535, 3.6183985783170107, 3.6143981222571897, 3.6101857556726364], "valid": [9.331910029445323, 4.298602106761214, 3.923270631842458, 3.820338790466508, 3.776550162903777, 3.781009032960337, 3.778695125067703, 3.767505999637067, 3.782272102582487, 3.758792600267261, 3.7540313031358767, 3.760807826956288, 3.768641831031796, 3.7583249733349464, 3.7628817216190598]}, "1": {"train": [25.308739578847536, 5.488207806645342, 3.9910525530470857, 3.7512239807623153, 3.6859351883118827, 3.6579386855682405, 3.643953527403684, 3.639116267992668, 3.637354620310169, 3.6316511021671114, 3.630324365740761], "valid": [10.42061475712326, 4.23105732001505, 3.893366249367364, 3.811146786680681, 3.7830990036537506, 3.7607208395024596, 3.7746414334145033, 3.765107167988173, 3.7750640058402296, 3.765416289073599, 3.767594634580551]}, "2": {"train": [22.876190753497255, 4.8052532566188155, 3.965030800772926, 3.7410622689005564, 3.685233964688366, 3.661159345754457, 3.6469930070827488, 3.6401936091691156, 3.635930114043743, 3.6212746096802193, 3.6181053815197584, 3.6234077142541223, 3.6072031750836855, 3.617083296279268, 3.6077985084773228], "valid": [6.9920744648676125, 4.183978326111664, 3.87956174277907, 3.8051872269676092, 3.7844497717515804, 3.782790680300158, 3.7763355036726187, 3.7733466452809794, 3.7757455983238475, 3.7578426750736966, 3.7625280316029444, 3.765156714071823, 3.7679694818322473, 3.767400872455027, 3.761412230214031]}}