{"0": {"train": [8.363841077729598, 7.608021475811957, 7.045058207661911, 6.574081440850704, 6.1732824563374935, 5.8040789605727445, 5.498094347309823, 5.231314819983799, 5.004291549388028, 4.837826496068812, 4.711382834583638, 4.610828201015787, 4.526383412213484, 4.44788066182409, 4.386024467468848, 4.332717007045131, 4.28948753491318, 4.24366060633557, 4.2014813839440235, 4.148429312528844, 4.112536678368491, 4.064006851486184, 4.0425903986952925, 3.991827870963051, 3.960765412876894], "valid": [7.868715923211333, 7.23529943710583, 6.719387634774939, 6.30577514817432, 5.9515840712005845, 5.61721397579459, 5.329720157235426, 5.093296869592178, 4.9176228371716855, 4.786956378706161, 4.684051086491501, 4.60255400911879, 4.529474788584208, 4.455158172030024, 4.409918230728926, 4.343001542430972, 4.274233595222129, 4.259401460772862, 4.214348220766516, 4.184966810995424, 4.150430808120866, 4.077164473194028, 4.061672077492886, 4.037219859805222, 4.005877081861204]}, "1": {"train": [8.18894161551071, 7.397208825664347, 6.79701910146185, 6.335811237525478, 5.94848175571088, 5.623585762640368, 5.342756199404876, 5.117264883649242, 4.928049749518085, 4.7822261118308464, 4.6494661335651175, 4.574832636498673, 4.483809804547793, 4.432407720233002, 4.366465077346844, 4.322619926066223, 4.257015566713456, 4.204072738452053, 4.193283587470677, 4.133059785920135, 4.106690138517671, 4.060306818564204, 4.032196085998491, 3.9948637048790046, 3.9712828545324097], "valid": [7.722234031877355, 7.071050161105395, 6.5547104850107685, 6.143395444941735, 5.793918928561985, 5.484601131944177, 5.242610450488184, 5.033230147410536, 4.877400318665391, 4.737760669551862, 4.630494206274998, 4.56656699484655, 4.460569702270498, 4.421748094197081, 4.367105813074475, 4.297436649254144, 4.274023317316937, 4.216726793251481, 4.185705967329437, 4.153652149203667, 4.101100546352204, 4.054171989774825, 4.036375582286939, 4.01148018662026, 3.9740167786071745]}, "2": {"train": [8.270824032022748, 7.516441236948621, 6.947369917353286, 6.488189989496404, 6.101471539942507, 5.76140384492895, 5.483085072215225, 5.244816009060252, 5.047374003420279, 4.904769288940218, 4.793840118808407, 4.693186731158424, 4.616082083677845, 4.560154529946064, 4.501649449102026, 4.4507982890495805, 4.41193842116775, 4.367027625117775, 4.326944885265642, 4.2936242858396145, 4.245945742738819, 4.201459702366074, 4.172022894593893, 4.132607182644791, 4.104257539094047], "valid": [7.924550274978848, 7.284973346401238, 6.773200401351338, 6.357227215995405, 5.980638621247885, 5.679390535163161, 5.4268161763998926, 5.191104233718801, 5.011809337983617, 4.877204889738049, 4.776104606286295, 4.68494404426823, 4.6004533042229925, 4.5466652429981345, 4.4889617490361315, 4.440469460582359, 4.419242690466118, 4.3645782505913004, 4.332061859123818, 4.274256510016056, 4.254233223045342, 4.180887715668506, 4.1468301642061185, 4.132352480548371, 4.117258182663834]}}