{"0": {"train": [5.659558367332895, 4.014034994726646, 3.6613067440526663, 3.5977963689952297, 3.5714888336272685, 3.559874968021359, 3.5568473242548215, 3.550686207188854, 3.535199925817876], "valid": [4.4688397968572415, 3.845758827492364, 3.730751493908936, 3.7072107396625054, 3.713959897812633, 3.7044980352211785, 3.6984348570797523, 3.7121459596755577, 3.6989363529309918]}, "1": {"train": [5.968227407610168, 4.12132989596467, 3.683124371526051, 3.593278401750515, 3.5713058408814953, 3.553982656234739, 3.5560389791196814, 3.536304324844172, 3.5304269661939283, 3.524876881363819, 3.5086865886434064, 3.495818593214479, 3.47941727007565, 3.4695703544676313, 3.45449462751889, 3.438138480280624, 3.4298812447835276, 3.4119795094601284, 3.3973576398985785, 3.3919341646485206, 3.373020675578973, 3.35604721830216, 3.3466669844876535, 3.328581480364143, 3.324277812504162], "valid": [4.6724426035414295, 3.8811287655717255, 3.7427681794066983, 3.7258311880127684, 3.716005299575357, 3.7170872667293384, 3.719772848288331, 3.701022837883133, 3.7061975161821636, 3.7031341392320907, 3.6881079063410107, 3.688300020976879, 3.686878393481851, 3.6724559048526513, 3.6659053992710255, 3.6695516580613368, 3.65726490565399, 3.6513394576477927, 3.6347381032517494, 3.6328582481864435, 3.6315003872120952, 3.625338723873242, 3.6192114150292123, 3.6032901617050985, 3.601056529913695]}, "2": {"train": [5.876665178492151, 4.1101918600553615, 3.6810710661484785, 3.58666384350527, 3.568381720162332, 3.5585781942292494, 3.5431831317592164, 3.540964427091195, 3.519961730376074, 3.506152935979176, 3.4972820756177634, 3.49263858700327], "valid": [4.631719798150261, 3.9003573803929448, 3.7456117812366814, 3.7247569033631818, 3.7188139919666323, 3.7141168081958553, 3.7038143443559988, 3.7101838688634303, 3.7155551880593833, 3.708369341098478, 3.709759406160099, 3.7013092236113083]}}