{"0": {"train": [5.665168034927058, 4.018925650144507, 3.6642669968212815, 3.599368598722297, 3.5675613873721965, 3.557805855414088, 3.551160883642696, 3.5438414165997036, 3.5304611602752853, 3.517640824987902, 3.505681463459165, 3.496020818234235], "valid": [4.470633965118447, 3.853893645837033, 3.7319792205424687, 3.7078165996479435, 3.713850175001554, 3.700729602066389, 3.6969848407366546, 3.7117463653950313, 3.6960617609534823, 3.699454618492728, 3.6935751267769303, 3.6881518336178347]}, "1": {"train": [6.020954681062651, 4.037114248100982, 3.6554959179715247, 3.595836406913158, 3.566083714880376, 3.556521580865868, 3.5476364437059376, 3.533860525398672, 3.5231608127832987, 3.5038722336741057, 3.4975586284339926, 3.4812648516856974, 3.4690315863306775, 3.458486386567528, 3.441909982968772, 3.4284796819783083, 3.4230125742653654, 3.4064252235313965, 3.3941171664815, 3.3822220310363464, 3.3697256442412917, 3.363324301506007, 3.3472718169598066, 3.3327494904574624, 3.326655430555987], "valid": [4.582353984552582, 3.8491748539387696, 3.739273298902765, 3.7303310198647712, 3.70924627382929, 3.712541513270928, 3.713982563801898, 3.698054165575277, 3.70298775544067, 3.7012448674627523, 3.688403760799208, 3.6810280363199674, 3.681647839270493, 3.6741387548391105, 3.6650096678161406, 3.650334176801792, 3.6518215824890787, 3.6515619381193174, 3.64469008534482, 3.639358843502495, 3.6225531483631377, 3.618504850070811, 3.6124101441799703, 3.6037388858613615, 3.599620543245667]}, "2": {"train": [6.363981138289796, 4.132514737922201, 3.692631769864494, 3.602296716771625, 3.5910334629774736, 3.5655544284799423, 3.5481978041286717, 3.53894272750202, 3.5324695151982484, 3.5181445536211755, 3.5016000853087488, 3.4960339201124984, 3.4756023603705692, 3.464977222675118, 3.447563781608216, 3.4411589184476665, 3.425807987022915, 3.416162598419298, 3.4043012191700925, 3.3937027187810767, 3.374722944265876, 3.3576870904860976, 3.3480506980431013, 3.33138954410805, 3.3217771009620507], "valid": [4.765890540648529, 3.8987015318948446, 3.7579922324504547, 3.7349013469320482, 3.736881022528502, 3.7420942347434827, 3.7306502686760816, 3.736604799210204, 3.723024299189116, 3.7205926911670693, 3.7120479080280404, 3.708035299564258, 3.7101535377117667, 3.69675656803834, 3.6935955209646703, 3.6860347053580944, 3.678587809325721, 3.6677919656889295, 3.656947581804278, 3.651466505113253, 3.642037453578944, 3.6350942211473574, 3.639851078727669, 3.627065501136525, 3.605111504874627]}}