{"0": {"train": [34.74971470790147, 35.18464079037328, 35.150080966312686, 35.154002637682964, 40.35974213439881, 51.786836281912045], "valid": [35.696421529339325, 35.69431122515516, 35.705967595994196, 35.712939043853886, 51.211810253309686, 51.30740121027711]}, "1": {"train": [32.781599636324465, 32.9767870051496, 32.989042234143035, 32.979483217352374, 32.939776323450985, 32.97041424202435, 32.9601198725613, 32.97703208224241, 32.901049763933806, 32.974581003493924, 32.8520287829276], "valid": [33.72727606245394, 33.76649273280174, 33.83806336862592, 33.67923582770435, 33.67286289549463, 33.54295750371535, 33.67286278277166, 33.69933417832789, 33.887084085166684, 33.63658741039043, 33.6336459129909]}, "2": {"train": [46.6389488071724, 51.60539569684026, 51.70166407554118, 51.70844051265161, 51.689172262697674, 51.561608586702214, 51.644323857065324], "valid": [50.94858803893375, 50.895499800497674, 50.98219224962597, 50.93506313735305, 50.97722095826045, 51.05552900303221, 50.975755143358654]}}