{"0": {"train": [11.851984229878951, 7.598800242529421, 6.287604116089628, 5.629492217545765, 5.130308185428044, 4.791539022238674, 4.496739452283719, 4.260873299710118, 4.043900525530488, 3.8468358503672793, 3.665495664245779, 3.52973627554491, 3.4076056086130393, 3.2934970860114126, 3.188728402352463, 3.0923948608520497, 3.0249838616680926, 2.946342036940668, 2.8705687190228155, 2.8377104536880577, 2.77303966589409, 2.728715983310779, 2.6916997689630846, 2.643748557803246, 2.6135255784110356], "valid": [8.701110999449604, 6.70053086033639, 5.850911495887652, 5.3616078483418415, 4.933920322354253, 4.632741184349042, 4.364464023263248, 4.1406246432339735, 3.9498990464808297, 3.7714352539513154, 3.6241965253542725, 3.473178949782966, 3.3708914261087237, 3.244496489722735, 3.1730582990237077, 3.049264693953334, 2.996135510402246, 2.9405707790748536, 2.8870560347236243, 2.84412380629843, 2.7944513381655227, 2.7559844966008837, 2.7088757772992857, 2.710187709252663, 2.659331331838371]}, "1": {"train": [12.350493888325385, 7.5131846265334765, 6.216262080937776, 5.544685893364467, 5.047664422133985, 4.67071862050773, 4.36398722322905, 4.112290566533188, 3.8942741432478947, 3.7066444631989577, 3.554216325399954, 3.4147792141772104, 3.297814551295764, 3.2191989979221147, 3.1362814694758776, 3.050140774021267, 2.9938874991587507, 2.9452224225029324, 2.894224231639138, 2.858968515201371, 2.8376459492053803, 2.805265577078847, 2.773423332088485, 2.7275747592525383, 2.716736729445881], "valid": [8.645631037696619, 6.657127148572706, 5.828419748961618, 5.244653130648604, 4.8596526228751635, 4.516456140993962, 4.2325125944338415, 4.017496550746096, 3.8229271013107167, 3.6390210443547613, 3.481371681595406, 3.3860065151238365, 3.2889462041080972, 3.1905112617539038, 3.104737586291439, 3.062063960825129, 3.0036275379658295, 2.9483647084989855, 2.92749554871981, 2.8805980895099417, 2.824437154548809, 2.813282992654411, 2.7746639775455972, 2.7444578801179955, 2.731500080297309]}, "2": {"train": [12.182123854999904, 7.584372288473926, 6.195091108778314, 5.513773219225906, 5.052248741431277, 4.706249320240693, 4.400246016535352, 4.141228859110006, 3.9426915584259508, 3.75151359113011, 3.594071665108353, 3.449536659532073, 3.3231743805702707, 3.2290876556010364, 3.13702009744068, 3.0704429874978367, 2.9917620495411588, 2.961960969647733, 2.8992051022357996, 2.8519326495981234, 2.819961287895267, 2.7836943543773796, 2.7299603200832596, 2.7142435337989848, 2.6661917803053976], "valid": [8.669974492647201, 6.672762927491155, 5.773528970577984, 5.23609519520133, 4.848188210281902, 4.543787816351867, 4.286588193636547, 4.061201027655325, 3.867105719181457, 3.6845275348410698, 3.5405719617120797, 3.4009477861678907, 3.300183658498625, 3.2081639565886757, 3.122797082015326, 3.0757232166035307, 2.9980913615118547, 2.960992258408007, 2.9196197648257827, 2.8632219096127223, 2.870563517349627, 2.81105457332609, 2.7670851303205044, 2.7381735734871357, 2.7012472241468206]}}