{"0": {"train": [11.79363197272085, 7.629794553063226, 6.283371418845185, 5.643413660187197, 5.1740736927988715, 4.828459784944427, 4.522994287398565, 4.261270166717945, 4.044077983334215, 3.841262360828013, 3.6680560329493885, 3.517187774167612, 3.377092405902671, 3.2759030179769826, 3.166941184812707, 3.062772421201975, 2.994691946022181, 2.926243691891489, 2.862466699902291, 2.81477587285954, 2.753486501263725, 2.719063245886134, 2.664063326258557, 2.624367912203869, 2.587600223285108], "valid": [8.683692555412149, 6.68207678085583, 5.853763408393901, 5.381270238022275, 4.957757325195162, 4.646411106524477, 4.3686818989987115, 4.1411951121101565, 3.9458750261378057, 3.765143741407572, 3.6110058338380635, 3.457586828588871, 3.362201450678261, 3.2314642398765576, 3.158207424969476, 3.0330026037160147, 2.9819005835039802, 2.925214846378802, 2.871257158228662, 2.828782688781053, 2.77804420376132, 2.74415713012301, 2.698453008055852, 2.68808939625274, 2.64940803503187]}, "1": {"train": [12.357900297862265, 7.525398511710187, 6.191373050705688, 5.515206478579395, 5.025265132418615, 4.64985789650473, 4.36974587367323, 4.115103061275382, 3.8905416262065917, 3.700518160614881, 3.565216727547062, 3.4206735348144925, 3.3218726414980964, 3.215311431914106, 3.1423895762928797, 3.0505304432271036, 3.0023018865912108, 2.942832354980675, 2.8987905805039325, 2.850888655726022, 2.820329296814911, 2.794908016923528, 2.7580032363303033, 2.71566050334036, 2.6955389518607227], "valid": [8.666382033112837, 6.654357605003942, 5.7922666555697635, 5.216839990673794, 4.8361342434295915, 4.506047968515643, 4.226340086219329, 4.01418967621481, 3.824998775635047, 3.6437798992926025, 3.488039907386932, 3.390777181803323, 3.2965743357782573, 3.1992625229249194, 3.111963780730809, 3.0667185006201447, 3.0078297763152833, 2.9522685548377288, 2.932157355834407, 2.88172249595584, 2.818586351981338, 2.8058849552137817, 2.7713817780994012, 2.7344557855525538, 2.714293818594483]}, "2": {"train": [12.20183124152742, 7.554418037401934, 6.206084619442949, 5.519278612383667, 5.056940507765931, 4.712813748353556, 4.420403884437613, 4.173693938259528, 3.9545581842419626, 3.748170621238415, 3.6185556376607986, 3.4459150446583084, 3.321898367195612, 3.2274059836545304, 3.1290462954394687, 3.0638563263733993, 2.9987071804214898, 2.9582385832734444, 2.9114699693605064, 2.8593289566348115, 2.8226380091660097, 2.799672049934743, 2.7458714292731847, 2.7207335639457466, 2.6913102762481733], "valid": [8.68578543837974, 6.685020247841512, 5.77134015532459, 5.256079910920314, 4.875844624031324, 4.5666707278526655, 4.310429208270037, 4.077989136803178, 3.8784755439485425, 3.6922039650796092, 3.5483076572234826, 3.4096797804916448, 3.299676035286949, 3.212671966940043, 3.1205900702950733, 3.074380152097675, 3.005286139347454, 2.9662393382600376, 2.9240118173001117, 2.8681455280182773, 2.877672045059034, 2.8275277840706963, 2.779143219076297, 2.7521095038212207, 2.7222538714720264]}}